Mercado,Hora de inicio,Data da última resolução,Lucro/Perda ($)
"Futebol / Dundalk x Shamrock Rovers : Mais/Menos de 1,5 Gols",27-out-24 14:45,27-out-24 16:41,1.04
"Futebol / Sport Boys (Per) x Utc Cajamarca : Mais/Menos de 1,5 Gols",27-out-24 15:00,27-out-24 16:32,0.62
"Futebol / F91 Dudelange x Progres Niedercorn : Mais/Menos de 1,5 Gols",27-out-24 14:30,27-out-24 16:30,1.22
"Futebol / AD Sarchi x ADR Jicaral : Mais/Menos de 1,5 Gols",27-out-24 14:00,27-out-24 16:01,0.83
"Futebol / Atletico Ottawa x York9 : Mais/Menos de 1,5 Gols",27-out-24 14:00,27-out-24 15:58,1.04
"Futebol / Gent x Genk : Mais/Menos de 1,5 Gols",27-out-24 14:30,27-out-24 15:47,-5.00
"Futebol / Sabadell x Olot : Mais/Menos de 1,5 Gols",27-out-24 14:00,27-out-24 15:24,0.78
"Futebol / Leonesa x Ponferradina : Mais/Menos de 1,5 Gols",27-out-24 13:30,27-out-24 15:22,1.35
"Futebol / SD Logrones x Real Zaragoza II : Mais/Menos de 1,5 Gols",27-out-24 13:00,27-out-24 14:55,0.57
"Futebol / Dynamo Kyiv x Shakhtar : Mais/Menos de 1,5 Gols",27-out-24 13:00,27-out-24 14:47,0.72
"Futebol / Hacken x Halmstads : Mais/Menos de 1,5 Gols",27-out-24 12:30,27-out-24 14:22,1.28
"Futebol / Benevento x Casertana : Mais/Menos de 1,5 Gols",27-out-24 11:30,27-out-24 13:30,3.04
"Futebol / Recreativo de Huelva x Alcorcon : Mais/Menos de 1,5 Gols",27-out-24 11:30,27-out-24 13:27,0.79
"Futebol / Qarabag FK x Shamakhi FK : Mais/Menos de 1,5 Gols",27-out-24 12:00,27-out-24 13:24,1.19
"Futebol / Raya Sporting FC x Kahraba Ismailia : Mais/Menos de 1,5 Gols",27-out-24 12:00,27-out-24 13:12,-5.00
"Futebol / Sampdoria x Mantova : Mais/Menos de 1,5 Gols",27-out-24 11:00,27-out-24 12:57,0.96
"Futebol / Catania x US Latina Calcio : Mais/Menos de 1,5 Gols",27-out-24 11:00,27-out-24 12:54,1.08
"Futebol / Otelul Galati x Unirea Slobozia : Mais/Menos de 1,5 Gols",27-out-24 11:00,27-out-24 12:48,1.35
"Futebol / Albinoleffe x Padova : Mais/Menos de 1,5 Gols",27-out-24 11:00,27-out-24 12:47,-5.00
"Futebol / West Ham x Manchester United : Mais/Menos de 1,5 Gols",27-out-24 11:00,27-out-24 12:41,-5.00
"Futebol / Grazer AK x Rapid Vienna : Mais/Menos de 1,5 Gols",27-out-24 10:30,27-out-24 12:22,1.41
"Futebol / Monastir x EGS Gafsa : Mais/Menos de 1,5 Gols",27-out-24 10:30,27-out-24 12:09,0.90
"Futebol / FC Turan x FK Kaisar : Mais/Menos de 1,5 Gols",27-out-24 10:00,27-out-24 11:54,1.70
"Futebol / Polokwane City x Mamelodi Sundowns : Mais/Menos de 1,5 Gols",27-out-24 10:00,27-out-24 11:52,1.18
"Futebol / Vukovar x NK Sesvete : Mais/Menos de 1,5 Gols",27-out-24 09:50,27-out-24 11:40,1.91
"Futebol / Leganés x Celta de Vigo : Mais/Menos de 1,5 Gols",27-out-24 10:00,27-out-24 11:35,0.25
"Futebol / Tanta x Abo Qair Semads : Mais/Menos de 1,5 Gols",27-out-24 09:30,27-out-24 11:29,0.68
"Futebol / Vejle x Lyngby : Mais/Menos de 1,5 Gols",27-out-24 10:00,27-out-24 11:23,-5.00
"Futebol / Rudes x Cibalia Vinkovci : Mais/Menos de 1,5 Gols",26-out-24 08:50,26-out-24 10:39,0.98
"Futebol / Watford x Blackburn : Mais/Menos de 1,5 Gols",26-out-24 08:30,26-out-24 10:27,1.15
"Futebol / Lysekloster x Sotra SK : Mais/Menos de 1,5 Gols",26-out-24 08:00,26-out-24 09:56,0.83
"Futebol / Hatayspor x Kayserispor : Mais/Menos de 1,5 Gols",26-out-24 07:30,26-out-24 09:33,1.26
"Futebol / Espanha (F) x Canadá (F) : Mais/Menos de 1,5 Gols",25-out-24 17:00,25-out-24 18:47,0.85
"Futebol / Torino x Como : Mais/Menos de 1,5 Gols",25-out-24 15:45,25-out-24 17:44,0.78
"Futebol / Kortrijk x Beerschot : Mais/Menos de 1,5 Gols",25-out-24 15:45,25-out-24 17:40,3.33
"Futebol / Rennes x Le Havre : Mais/Menos de 1,5 Gols",25-out-24 15:45,25-out-24 17:38,2.80
"Futebol / Waterford x Bohemians : Mais/Menos de 1,5 Gols",25-out-24 15:45,25-out-24 17:33,-3.46
"Futebol / RAAL La Louviere U21 x K Lierse U21 : Mais/Menos de 1,5 Gols",25-out-24 15:30,25-out-24 17:26,1.94
"Futebol / Aarau x Stade Nyonnais : Mais/Menos de 1,5 Gols",25-out-24 15:15,25-out-24 17:09,2.01
"Futebol / Southampton Sub21 x Crystal Palace Sub21 : Mais/Menos de 1,5 Gols",25-out-24 15:15,25-out-24 17:06,1.99
"Futebol / Ternana x Rimini : Mais/Menos de 1,5 Gols",25-out-24 15:30,25-out-24 17:05,1.28
"Futebol / Almere City x NEC Nijmegen : Mais/Menos de 1,5 Gols",25-out-24 15:00,25-out-24 17:01,1.11
"Futebol / HB Koge x Kolding IF : Mais/Menos de 1,5 Gols",25-out-24 14:00,25-out-24 15:52,1.07
"Futebol / FC Helsingør x Frem : Mais/Menos de 1,5 Gols",25-out-24 14:00,25-out-24 15:31,0.92
"Futebol / FC Köln x Paderborn : Mais/Menos de 1,5 Gols",25-out-24 13:30,25-out-24 15:05,-5.00
"Futebol / Iraklis x Diagoras : Mais/Menos de 1,5 Gols",25-out-24 10:00,25-out-24 11:51,1.80
"Futebol / Hapoel Kfar Saba x Hapoel Kfar Shalem : Mais/Menos de 1,5 Gols",25-out-24 10:00,25-out-24 11:35,-5.00
"Futebol / Rukh Vynnyky x Chernomorets Odesa : Mais/Menos de 1,5 Gols",25-out-24 09:30,25-out-24 11:14,0.81
"Futebol / Independiente Juniors x CD Leones del Norte : Mais/Menos de 1,5 Gols",24-out-24 17:30,24-out-24 19:19,1.65
"Futebol / HJK Helsinki x Dinamo Minsk : Mais/Menos de 1,5 Gols",24-out-24 16:00,24-out-24 17:58,0.97
"Futebol / Anderlecht x Ludogorets : Mais/Menos de 1,5 Gols",24-out-24 16:00,24-out-24 17:57,1.21
"Futebol / Tottenham x AZ : Mais/Menos de 1,5 Gols",24-out-24 16:00,24-out-24 17:55,1.81
"Futebol / Athlone Town x Wexford F.C : Mais/Menos de 1,5 Gols",24-out-24 15:45,24-out-24 17:37,1.61
"Futebol / Botafogo SP x Ituano : Mais/Menos de 1,5 Gols",23-out-24 20:00,23-out-24 21:56,1.57
"Futebol / Puerto Montt x Ñublense : Mais/Menos de 1,5 Gols",23-out-24 19:00,23-out-24 21:01,0.77
"Futebol / Cruzeiro x Lanus : Mais/Menos de 1,5 Gols",23-out-24 19:00,23-out-24 20:48,1.10
"Futebol / Ponte Preta x Brusque : Mais/Menos de 1,5 Gols",23-out-24 19:00,23-out-24 20:44,0.76
"Futebol / Gorleston x Maldon & Tiptree : Mais/Menos de 1,5 Gols",23-out-24 15:45,23-out-24 17:32,1.08
"Futebol / Orleans x Bourg-en-Bresse : Mais/Menos de 1,5 Gols",23-out-24 14:30,23-out-24 16:26,1.36
"Futebol / Bavois x Breitenrain : Mais/Menos de 1,5 Gols",23-out-24 14:30,23-out-24 16:25,0.99
"Futebol / Concarneau x Villefranche Beaujolais : Mais/Menos de 1,5 Gols",23-out-24 14:30,23-out-24 16:22,1.02
"Futebol / IFK Goteborg Sub19 x TSG Hoffenheim U19 : Mais/Menos de 1,5 Gols",23-out-24 13:00,23-out-24 14:17,-5.00
"Futebol / Zaglebie Lubin II x Pogon Grodzisk Mazowiecki : Mais/Menos de 1,5 Gols",23-out-24 09:00,23-out-24 10:43,1.51
"Futebol / Juventus x Stuttgart : Mais/Menos de 1,5 Gols",22-out-24 16:00,22-out-24 17:57,1.14
"Futebol / South Shields x Radcliffe Borough : Mais/Menos de 1,5 Gols",22-out-24 15:45,22-out-24 17:45,1.00
"Futebol / Leyton Orient x Rotherham : Mais/Menos de 1,5 Gols",22-out-24 15:45,22-out-24 17:41,1.00
"Futebol / Salisbury City x Weston-super-Mare : Mais/Menos de 1,5 Gols",22-out-24 15:45,22-out-24 17:33,-5.00
"Futebol / Aston Villa x Bologna : Mais/Menos de 1,5 Gols",22-out-24 16:00,22-out-24 17:24,-5.00
"Futebol / FC Dordrecht x Vitesse Arnhem : Mais/Menos de 1,5 Gols",22-out-24 15:00,22-out-24 16:27,1.70
"Futebol / Buriram Utd x Pohang Steelers : Mais/Menos de 1,5 Gols",22-out-24 09:00,22-out-24 10:54,1.03
"Futebol / Tivoli Gardens x Racing United FC : Mais/Menos de 1,5 Gols",21-out-24 19:00,21-out-24 20:56,1.37
"Futebol / Nottm Forest x Crystal Palace : Mais/Menos de 1,5 Gols",21-out-24 16:00,21-out-24 17:56,0.78
"Futebol / Miramar Misiones x Deportivo Maldonado : Mais/Menos de 1,5 Gols",21-out-24 16:00,21-out-24 17:55,1.14
"Futebol / CA Argentino de Rosario x Real Pilar FC : Mais/Menos de 1,5 Gols",21-out-24 15:00,21-out-24 16:57,0.48
"Futebol / Brentford Sub21 x Derby Sub21 : Mais/Menos de 1,5 Gols",21-out-24 15:00,21-out-24 16:55,2.24
"Futebol / Reading Sub21 x Luton Town U21 : Mais/Menos de 1,5 Gols",21-out-24 15:00,21-out-24 16:23,1.08
"Futebol / Hapoel Eran Hadera x Maccabi Netanya : Mais/Menos de 1,5 Gols",21-out-24 14:00,21-out-24 15:39,1.15
"Futebol / PEC Zwolle x NAC Breda : Mais/Menos de 1,5 Gols",20-out-24 11:45,20-out-24 13:26,0.07
"Futebol / Arminia Bielefeld x VFL Osnabruck : Mais/Menos de 1,5 Gols",20-out-24 11:30,20-out-24 13:07,1.21
"Futebol / Brito SC x Moura : Mais/Menos de 1,5 Gols",20-out-24 11:00,20-out-24 12:58,1.10
"Futebol / Hull x Sunderland : Mais/Menos de 1,5 Gols",20-out-24 11:00,20-out-24 12:52,1.49
"Futebol / Lagoa x Famalicão : Mais/Menos de 1,5 Gols",20-out-24 11:00,20-out-24 12:47,-5.25
"Futebol / Cherno More x Hebar : Mais/Menos de 1,5 Gols",20-out-24 10:45,20-out-24 12:43,1.73
"Futebol / Alverca x Pero Pinheiro : Mais/Menos de 1,5 Gols",20-out-24 11:00,20-out-24 12:29,-5.00
"Futebol / Norrby IF x BK Olympic : Mais/Menos de 1,5 Gols",20-out-24 10:00,20-out-24 11:56,0.68
"Futebol / Austria Klagenfurt x Austria Vienna : Mais/Menos de 1,5 Gols",20-out-24 09:30,20-out-24 11:25,2.71
"Futebol / Mallorca x Rayo Vallecano : Mais/Menos de 1,5 Gols",20-out-24 09:00,20-out-24 10:58,1.08
"Futebol / Egaleo x PAE Chania : Mais/Menos de 1,5 Gols",20-out-24 09:00,20-out-24 10:55,1.24
"Futebol / Elche B x Lleida : Mais/Menos de 1,5 Gols",19-out-24 07:00,19-out-24 08:56,1.02
"Futebol / FK Qabala x Agsu : Mais/Menos de 1,5 Gols",19-out-24 07:00,19-out-24 08:53,1.54
"Futebol / Eintracht Frankfurt (F) x SV Werder Bremen (W) : Mais/Menos de 1,5 Gols",19-out-24 07:00,19-out-24 08:51,2.16
"Futebol / Cordoba x FC Cartagena : Mais/Menos de 1,5 Gols",18-out-24 15:30,18-out-24 16:57,-5.00
"Futebol / Universitatea Cluj x Otelul Galati : Mais/Menos de 1,5 Gols",18-out-24 15:00,18-out-24 16:33,-5.00
"Futebol / Hapoel Tel Aviv x MS Kfar Kasem : Mais/Menos de 1,5 Gols",18-out-24 10:00,18-out-24 11:56,1.72
"Futebol / Hapoel Rishon Lezion x Hapoel Ramat Gan : Mais/Menos de 1,5 Gols",18-out-24 10:00,18-out-24 11:54,1.58
"Futebol / Hapoel Nir Ramat Hasharon x Hapoel Afula : Mais/Menos de 1,5 Gols",18-out-24 10:00,18-out-24 11:38,1.59
"Futebol / Flamengo x Fluminense : Mais/Menos de 1,5 Gols",17-out-24 20:00,17-out-24 21:22,-5.00
"Futebol / Cusco FC x CD Los Chankas : Mais/Menos de 1,5 Gols",17-out-24 17:15,17-out-24 18:52,1.66
"Futebol / Cerro Largo FC x Deportivo Maldonado : Mais/Menos de 1,5 Gols",17-out-24 13:30,17-out-24 15:24,-0.10
"Futebol / Boston River x Progreso : Mais/Menos de 1,5 Gols",16-out-24 17:30,16-out-24 19:27,0.41
"Futebol / Brusque x Ituano : Mais/Menos de 1,5 Gols",14-out-24 18:30,14-out-24 20:30,1.38
"Futebol / San Martin de Tucuman x Club Atletico Racing de Co : Mais/Menos de 1,5 Gols",13-out-24 20:00,13-out-24 21:53,0.70
"Futebol / Academico de Viseu x Marítimo : Mais/Menos de 1,5 Gols",13-out-24 11:30,13-out-24 13:12,1.01
"Futebol / Cazaquistão x Eslovênia : Mais/Menos de 1,5 Gols",13-out-24 10:00,13-out-24 11:54,1.17
"Futebol / Nykobing FC x Aarhus Fremad : Mais/Menos de 1,5 Gols",13-out-24 10:00,13-out-24 11:49,1.23
"Futebol / SS Virtus Verona 1921 x Arzignanochiampo : Mais/Menos de 1,5 Gols",12-out-24 10:00,12-out-24 10:44,0.00
"Futebol / HNK Gorica x Domzale : Mais/Menos de 1,5 Gols",12-out-24 07:30,12-out-24 09:18,1.56
"Futebol / Chesterfield x Notts Co : Mais/Menos de 1,5 Gols",12-out-24 08:30,12-out-24 08:46,-5.00
"Futebol / Hungria x Holanda : 1,5 gols no primeiro tempo",11-out-24 15:45,11-out-24 16:35,1.55
"Futebol / Guiné Equatorial x Libéria : Mais/Menos de 1,5 Gols",11-out-24 10:00,11-out-24 12:00,-1.58
"Futebol / Transport United FC x BFF Academy FC : Mais/Menos de 2,5 Gols",11-out-24 09:00,11-out-24 10:20,1.17
"Futebol / Camboja x Chinese Taipei : Mais/Menos de 1,5 Gols",11-out-24 09:00,11-out-24 10:07,-5.00
