Mercado,Seleção,Tipo de lance,ID da Aposta,Aposta realizada,,Persistência,Probabilidades req.,Aposta ($),Responsabilidade ($),Média de probabilidades correspondidas,Lucro/Prejuízo ($)
Futebol / Campinense x Afogados Ingazeira / Ambos os times marcam?,Sim,A favor,372387508351,23-dez-24 07:26,,C,1.67,3.50,,1.67,(3.50)
Futebol / Campinense x Afogados Ingazeira / Ambos os times marcam?,Não,A favor,372410184214,23-dez-24 16:02,,C,1.57,3.71,,1.57,2.11
Futebol / Jong Ajax Amsterdam x Roda JC / Ambos os times marcam?,Sim,A favor,372387518897,23-dez-24 07:26,,C,1.5,3.50,,1.5,1.76
Futebol / Hatayspor x Adana Demirspor / Ambos os times marcam?,Sim,A favor,372387469766,23-dez-24 07:25,,C,1.79,3.50,,1.79,2.77
Futebol / Hyderabad FC x Northeast United / Ambos os times marcam?,Sim,A favor,372387456666,23-dez-24 07:24,,C,1.67,3.50,,1.67,2.35
Futebol / Colchester United U21 x Bristol City Sub21 / Ambos os times marcam?,Sim,A favor,372387426968,23-dez-24 07:23,,C,1.44,3.50,,1.44,1.54
Futebol / OFK Beograd x FK Backa Topola / Ambos os times marcam?,Sim,A favor,372387446345,23-dez-24 07:24,,C,1.7,3.50,,1.7,2.45
Futebol / Tobago FC Phoenix x Prisons FC / Ambos os times marcam?,Sim,A favor,372347100796,22-dez-24 15:12,,C,1.59,2.00,,1.59,1.18
"Futebol / Levante x Huesca / Mais/Menos de 2,5 Gols","Menos de 2,5 gols",Contra,372362425628,22-dez-24 18:07,,C,1.74,4.73,3.50,1.74,(3.50)
"Futebol / Levante x Huesca / Mais/Menos de 2,5 Gols","Menos de 2,5 gols",Contra,372363485466,22-dez-24 18:21,,C,1.42,8.33,3.50,1.42,(3.50)
Futebol / Dunbeholden FC x Arnett Gardens FC / Ambos os times marcam?,Sim,A favor,372347054075,22-dez-24 15:11,,C,1.73,2.00,,1.73,(2.00)
Futebol / Molynes United FC x Tivoli Gardens / Ambos os times marcam?,Sim,A favor,372346011101,22-dez-24 15:03,,C,1.63,2.00,,1.63,(2.00)
"Futebol / AEK Athens x Levadiakos / Mais/Menos de 2,5 Gols","Menos de 2,5 gols",Contra,372359289941,22-dez-24 17:22,,C,1.71,4.93,3.50,1.71,(3.50)
"Futebol / AEK Athens x Levadiakos / Mais/Menos de 2,5 Gols","Menos de 2,5 gols",Contra,372360145331,22-dez-24 17:31,,C,1.48,7.29,3.50,1.48,(3.50)
Futebol / Lierse x Lommel / Ambos os times marcam?,Sim,A favor,372345871803,22-dez-24 15:02,,C,1.61,2.00,,1.61,(2.00)
"Futebol / Almeria x Cadiz / Mais/Menos de 2,5 Gols","Menos de 2,5 gols",Contra,372348491146,22-dez-24 15:25,,C,1.8,4.38,3.50,1.8,(3.50)
"Futebol / Almeria x Cadiz / Mais/Menos de 2,5 Gols","Menos de 2,5 gols",A favor,372351255073,22-dez-24 15:52,,C,2.84,1.90,,2.86,3.53
Futebol / AZ x FC Twente / Ambos os times marcam?,Sim,A favor,372151297159,21-dez-24 09:47,,C,1.64,2.00,,1.64,(2.00)
Futebol / VVV-Venlo x Excelsior / Ambos os times marcam?,Sim,A favor,372150365617,21-dez-24 09:41,,C,1.75,2.00,,1.75,1.50
Futebol / Paola Hibernians FC x Hamrun Spartans FC / Ambos os times marcam?,Sim,A favor,372146948406,21-dez-24 09:21,,C,1.75,2.00,,1.75,(2.00)
Futebol / Granada (F) x Sevilla FC (F) / Ambos os times marcam?,Sim,A favor,372151073092,21-dez-24 09:45,,C,1.73,2.00,,1.73,1.46
Futebol / Feyenoord (F) x PSV Eindhoven (W) / Ambos os times marcam?,Sim,A favor,372150182515,21-dez-24 09:40,,C,1.53,2.00,,1.53,1.06
Futebol / South Shields x Marine FC / Ambos os times marcam?,Sim,A favor,372146544085,21-dez-24 09:18,,C,1.68,2.00,,1.68,(2.00)
Futebol / Edinburgh City x Elgin City FC / Ambos os times marcam?,Sim,A favor,372149201511,21-dez-24 09:35,,C,1.67,2.00,,1.67,(2.00)
Futebol / Eupen x FC Liege / Ambos os times marcam?,Sim,A favor,372149772266,21-dez-24 09:38,,C,1.58,2.00,,1.58,(2.00)
Futebol / Ipswich x Newcastle / Ambos os times marcam?,Sim,A favor,372147660107,21-dez-24 09:26,,C,1.7,2.00,,1.7,(2.00)
Futebol / Chesham Utd x Dorking Wanderers / Ambos os times marcam?,Sim,A favor,372149599982,21-dez-24 09:37,,C,1.62,2.00,,1.62,(2.00)
Futebol / Radnicki Nis x Partizan Belgrade / Ambos os times marcam?,Sim,A favor,372147064945,21-dez-24 09:22,,C,1.68,2.00,,1.68,(2.00)
Futebol / Brentford x Nottm Forest / Ambos os times marcam?,Sim,A favor,372148968308,21-dez-24 09:33,,C,1.57,2.00,,1.57,(2.00)
Futebol / Oxford City x Spennymoor Town / Ambos os times marcam?,Sim,A favor,372146814797,21-dez-24 09:20,,C,1.69,2.00,,1.69,(2.00)
Futebol / Ebbsfleet Utd x Gateshead / Ambos os times marcam?,Sim,A favor,372149909262,21-dez-24 09:39,,C,1.64,2.00,,1.64,1.28
Futebol / Montrose x Dumbarton / Ambos os times marcam?,Sim,A favor,372147204262,21-dez-24 09:23,,C,1.59,2.00,,1.59,1.18
Futebol / SU Dives x Saint-Denis FC / Ambos os times marcam?,Sim,A favor,372146187756,21-dez-24 09:16,,C,1.73,2.00,,1.73,(2.00)
Futebol / West Ham x Brighton / Ambos os times marcam?,Sim,A favor,372147566835,21-dez-24 09:25,,C,1.5,2.00,,1.5,1.00
Futebol / Plymouth x Middlesbrough / Ambos os times marcam?,Sim,A favor,372147795370,21-dez-24 09:27,,C,1.73,2.00,,1.74,1.48
Futebol / Besiktas x Alanyaspor / Ambos os times marcam?,Sim,A favor,372150633516,21-dez-24 09:43,,C,1.7,2.00,,1.7,1.40
Futebol / Eintracht Frankfurt x Mainz / Ambos os times marcam?,Sim,A favor,372145908092,21-dez-24 09:15,,C,1.68,2.00,,1.68,1.36
Futebol / Quess East Bengal x Jamshedpur FC / Ambos os times marcam?,Sim,A favor,372145294349,21-dez-24 09:10,,C,1.6,2.00,,1.6,(2.00)
Futebol / Newport County x MK Dons / Ambos os times marcam?,Sim,A favor,372147379449,21-dez-24 09:24,,C,1.69,2.00,,1.69,1.38
Futebol / Hoffenheim x Mgladbach / Ambos os times marcam?,Sim,A favor,372146024281,21-dez-24 09:15,,C,1.53,2.00,,1.53,1.06
Futebol / Hampton and Richmond x Slough Town / Ambos os times marcam?,Sim,A favor,372149434429,21-dez-24 09:36,,C,1.6,2.00,,1.6,1.20
Futebol / Solihull Moors x AFC Fylde / Ambos os times marcam?,Sim,A favor,372150025811,21-dez-24 09:39,,C,1.66,2.00,,1.66,1.32
Futebol / Sivasspor x Samsunspor / Ambos os times marcam?,Sim,A favor,372144929141,21-dez-24 09:08,,C,1.77,2.00,,1.77,(2.00)
Futebol / Viktoria Koln x Sandhausen / Ambos os times marcam?,Sim,A favor,372144458968,21-dez-24 09:05,,C,1.6,2.00,,1.6,(2.00)
Futebol / Bourgoin Jallieu x Martigues / Ambos os times marcam?,Sim,A favor,372145535259,21-dez-24 09:12,,C,1.47,2.00,,1.47,0.94
Futebol / Dortmund II x Saarbrucken / Ambos os times marcam?,Sim,A favor,372145173459,21-dez-24 09:10,,C,1.58,2.00,,1.58,(2.00)
Futebol / Cannes x Grenoble / Ambos os times marcam?,Sim,A favor,372145751901,21-dez-24 09:14,,C,1.69,2.00,,1.69,1.38
Futebol / Rot Weiss Essen x Stuttgart II / Ambos os times marcam?,Sim,A favor,372144354774,21-dez-24 09:04,,C,1.65,2.00,,1.65,1.30
Futebol / Aston Villa x Manchester City / Ambos os times marcam?,Sim,A favor,372142475489,21-dez-24 08:48,,C,1.58,2.00,,1.58,1.16
Futebol / Sassuolo x Palermo / Ambos os times marcam?,Sim,A favor,372145403239,21-dez-24 09:11,,C,1.72,2.00,,1.72,1.44
Futebol / Melaka Utd x PDRM / Ambos os times marcam?,Sim,A favor,372144282593,21-dez-24 09:04,,C,1.72,2.00,,1.72,1.44
Futebol / Hamburger SV x Greuther Furth / Ambos os times marcam?,Sim,A favor,372142162411,21-dez-24 08:45,,C,1.52,2.00,,1.52,(2.00)
Futebol / Erzgebirge x 1860 Munich / Ambos os times marcam?,Sim,A favor,372144558646,21-dez-24 09:06,,C,1.63,2.00,,1.63,1.26
Futebol / FC Zwolle (W) x Heerenveen (F) / Ambos os times marcam?,Sim,A favor,372144674809,21-dez-24 09:07,,C,1.64,2.00,,1.64,1.28
Futebol / Paderborn x Karlsruhe / Ambos os times marcam?,Sim,A favor,372142312578,21-dez-24 08:46,,C,1.56,2.00,,1.56,1.12
Futebol / Blooming Santa Cruz x The Strongest / Ambos os times marcam?,Sim,A favor,372026570179,20-dez-24 08:08,,C,1.61,2.00,,1.61,1.22
Futebol / Westerlo x Yellow-Red Mechelen / Ambos os times marcam?,Sim,A favor,372026291427,20-dez-24 08:06,,C,1.56,2.00,,1.57,1.13
Futebol / Emmen x Den Bosch / Ambos os times marcam?,Sim,A favor,372025507132,20-dez-24 07:58,,C,1.66,2.00,,1.66,(2.00)
Futebol / Club Brugge B x Zulte-Waregem / Ambos os times marcam?,Sim,A favor,372024927749,20-dez-24 07:51,,C,1.59,2.00,,1.59,(2.00)
Futebol / Stockport x Peterborough / Ambos os times marcam?,Sim,A favor,372026137329,20-dez-24 08:04,,C,1.64,2.00,,1.64,1.28
Futebol / San Antonio FC x Club Real Santa Cruz / Ambos os times marcam?,Sim,A favor,372024623013,20-dez-24 07:46,,C,1.41,2.00,,1.41,0.82
"Futebol / Ingolstadt x Cottbus / Mais/Menos de 2,5 Gols","Menos de 2,5 gols",Contra,372066025949,20-dez-24 15:56,,C,2.4,3.57,5.00,2.4,(5.00)
"Futebol / Ingolstadt x Cottbus / Mais/Menos de 2,5 Gols","Menos de 2,5 gols",A favor,372068801769,20-dez-24 16:17,,C,3.6,1.92,,3.65,5.09
Futebol / FC Dordrecht x FC Eindhoven / Ambos os times marcam?,Sim,A favor,372024547392,20-dez-24 07:45,,C,1.62,2.00,,1.62,1.24
Futebol / RKC Waalwijk x PEC Zwolle / Ambos os times marcam?,Sim,A favor,372024689814,20-dez-24 07:47,,C,1.63,2.00,,1.63,1.26
Futebol / Jong FC Utrecht x Helmond Sport / Ambos os times marcam?,Sim,A favor,372025068771,20-dez-24 07:52,,C,1.67,2.00,,1.67,1.34
Futebol / Jong PSV Eindhoven x Vitesse Arnhem / Ambos os times marcam?,Sim,A favor,372025445144,20-dez-24 07:57,,C,1.43,2.00,,1.43,0.86
Futebol / Ingolstadt x Cottbus / Ambos os times marcam?,Sim,A favor,372024370063,20-dez-24 07:43,,C,1.5,2.00,,1.5,1.00
Futebol / Francs Borains x Racing Genk B / Ambos os times marcam?,Sim,A favor,372024861890,20-dez-24 07:50,,C,1.61,2.00,,1.61,1.22
Futebol / Elversberg x Schalke 04 / Ambos os times marcam?,Sim,A favor,372024023386,20-dez-24 07:39,,C,1.55,2.00,,1.55,1.10
Futebol / Eyupspor x Fenerbahce / Ambos os times marcam?,Sim,A favor,372019826723,20-dez-24 06:41,,C,1.68,2.00,,1.68,1.36
Futebol / Fortuna Dusseldorf x FC Magdeburg / Ambos os times marcam?,Sim,A favor,372024071995,20-dez-24 07:40,,C,1.6,2.00,,1.6,1.20
Futebol / FC Goa x Mohun Bagan Super Giants / Ambos os times marcam?,Sim,A favor,372019763122,20-dez-24 06:40,,C,1.62,2.00,,1.62,1.24
Futebol / Charlton Sub21 x Swansea Sub21 / Ambos os times marcam?,Sim,A favor,372019896339,20-dez-24 06:42,,C,1.35,2.00,,1.35,0.70
Futebol / Hapoel Azor x Maccabi Ashdod / Ambos os times marcam?,Sim,A favor,372019274681,20-dez-24 06:33,,C,1.78,2.00,,1.78,(2.00)
Futebol / Ilves x KuPS / Ambos os times marcam?,Sim,A favor,372019532510,20-dez-24 06:37,,C,1.67,2.00,,1.67,1.34
Futebol / Rapid Vienna x FC København / Ambos os times marcam?,Sim,A favor,371935026994,19-dez-24 09:28,,C,1.73,2.00,,1.73,(2.00)
Futebol / Jagiellonia Bialystock x Olimpija / Ambos os times marcam?,Sim,A favor,371935505504,19-dez-24 09:35,,C,1.77,2.00,,1.77,(2.00)
Futebol / Guimarães x Fiorentina / Ambos os times marcam?,Sim,A favor,371935283133,19-dez-24 09:32,,C,1.73,2.00,,1.73,1.46
Futebol / Cercle Brugge x Basaksehir / Ambos os times marcam?,Sim,A favor,371935317110,19-dez-24 09:32,,C,1.66,2.00,,1.66,1.32
Futebol / FC Heidenheim x St Gallen / Ambos os times marcam?,Sim,A favor,371935125429,19-dez-24 09:29,,C,1.55,2.00,,1.55,1.10
Futebol / Djurgardens x Legia Warsaw / Ambos os times marcam?,Sim,A favor,371935249730,19-dez-24 09:31,,C,1.68,2.00,,1.68,1.36
Futebol / Tottenham x Manchester United / Ambos os times marcam?,Sim,A favor,371935097186,19-dez-24 09:29,,C,1.46,2.00,,1.46,0.92
Futebol / Rijnsburgse Boys x FC Volendam / Ambos os times marcam?,Sim,A favor,371934937624,19-dez-24 09:27,,C,1.44,2.00,,1.44,(2.00)
Futebol / Deportivo x CD Castellón / Ambos os times marcam?,Sim,A favor,371935543549,19-dez-24 09:35,,C,1.65,2.00,,1.65,1.30
Futebol / VV Eemdijk x BVV Barendrecht / Ambos os times marcam?,Sim,A favor,371934769478,19-dez-24 09:24,,C,1.47,2.00,,1.47,0.94
Futebol / FK Backa Topola x FC Noah / Ambos os times marcam?,Sim,A favor,371935433326,19-dez-24 09:34,,C,1.56,2.00,,1.57,1.14
Futebol / Molde x Mlada Boleslav / Ambos os times marcam?,Sim,A favor,371935221347,19-dez-24 09:31,,C,1.74,2.00,,1.74,1.48
Futebol / Lask Linz x Vikingur Reykjavik / Ambos os times marcam?,Sim,A favor,371935182916,19-dez-24 09:30,,C,1.69,2.00,,1.7,1.39
Futebol / NK Celje x The New Saints / Ambos os times marcam?,Sim,A favor,371935352268,19-dez-24 09:33,,C,1.75,2.00,,1.75,1.51
Futebol / NK Celje x The New Saints / Ambos os times marcam?,Sim,Contra,371935381129,19-dez-24 09:33,,C,1.77,1.98,1.52,1.77,(1.52)
Futebol / Cardiff City U21 x Watford Sub21 / Ambos os times marcam?,Sim,A favor,371934803460,19-dez-24 09:25,,C,1.44,2.00,,1.44,0.88
Futebol / Queens Park Rangers U21 x Blackburn U21 / Ambos os times marcam?,Sim,A favor,371934840368,19-dez-24 09:25,,C,1.4,2.00,,1.4,0.80
Futebol / Lugano x Paphos FC / Ambos os times marcam?,Sim,A favor,371935157152,19-dez-24 09:30,,C,1.73,2.00,,1.73,1.46
Futebol / Royal Pari x CD Gualberto Villarroel / Ambos os times marcam?,Sim,A favor,371934879166,19-dez-24 09:26,,C,1.53,2.00,,1.53,1.06
Futebol / Genclerbirligi x Kasimpasa / Ambos os times marcam?,Sim,A favor,371934036165,19-dez-24 09:13,,C,1.76,2.00,,1.76,(2.00)
"Futebol / Genclerbirligi x Kasimpasa / Mais/Menos de 2,5 Gols","Menos de 2,5 gols",Contra,371945522154,19-dez-24 11:46,,C,2.86,1.88,3.50,2.86,(3.49)
Futebol / Al Hussein SC II x Al Sarhan / Ambos os times marcam?,Sim,A favor,371923922073,19-dez-24 07:06,,C,1.76,1.00,,1.76,(1.00)
Futebol / Kirklarelispor x Adana Demirspor / Ambos os times marcam?,Sim,A favor,371923888958,19-dez-24 07:05,,C,1.53,1.00,,1.53,(1.00)
Futebol / Iskenderunspor x Hatayspor / Ambos os times marcam?,Sim,A favor,371923812387,19-dez-24 07:05,,C,1.75,1.00,,1.75,(1.00)
Futebol / Juventus FC (W) x Valerenga (F) / Ambos os times marcam?,Sim,A favor,371848054410,18-dez-24 10:49,,C,1.75,1.00,,1.75,(1.00)
Futebol / Newcastle x Brentford / Ambos os times marcam?,Sim,A favor,371847827985,18-dez-24 10:46,,C,1.69,1.00,,1.69,0.69
Futebol / Monaco x PSG / Ambos os times marcam?,Sim,A favor,371848000713,18-dez-24 10:48,,C,1.56,1.00,,1.56,0.56
Futebol / Villarreal x Rayo Vallecano / Ambos os times marcam?,Sim,A favor,371848148141,18-dez-24 10:50,,C,1.78,1.00,,1.78,0.78
Futebol / Southampton x Liverpool / Ambos os times marcam?,Sim,A favor,371847881921,18-dez-24 10:47,,C,1.59,1.00,,1.59,0.59
"Futebol / Arsenal x Crystal Palace / Mais/Menos de 2,5 Gols","Menos de 2,5 gols",Contra,371884230082,18-dez-24 17:31,,C,2.14,4.39,5.00,2.14,4.39
"Futebol / Arsenal x Crystal Palace / Mais/Menos de 2,5 Gols","Menos de 2,5 gols",A favor,371885532119,18-dez-24 17:41,,C,4,1.67,,4,(1.67)
Futebol / Heracles x NEC Nijmegen / Ambos os times marcam?,Sim,A favor,371847522200,18-dez-24 10:42,,C,1.58,1.00,,1.58,(1.00)
Futebol / Brentford Sub21 x Bournemouth Sub21 / Ambos os times marcam?,Sim,A favor,371847424111,18-dez-24 10:40,,C,1.42,1.00,,1.42,(1.00)
Futebol / Club Real Santa Cruz x Real Tomayapo / Ambos os times marcam?,Sim,A favor,371847612624,18-dez-24 10:43,,C,1.63,1.00,,1.63,0.63
Futebol / Arsenal (F) x Bayern Munich (F) / Ambos os times marcam?,Sim,A favor,371847955665,18-dez-24 10:48,,C,1.69,1.00,,1.69,0.69
Futebol / Sparta Rotterdam x Go Ahead Eagles / Ambos os times marcam?,Sim,A favor,371847351554,18-dez-24 10:39,,C,1.64,1.00,,1.64,0.64
Futebol / SKN St. Polten (W) x Hammarby (F) / Ambos os times marcam?,Sim,A favor,371846640651,18-dez-24 10:31,,C,1.76,1.00,,1.76,0.76
"Futebol / Gaziantep FK x Yeni Orduspor / Mais/Menos de 1,5 Gols","Menos de 1,5 gols",Contra,371871084953,18-dez-24 15:35,,C,2.06,4.72,5.00,2.06,4.72
"Futebol / Gaziantep FK x Yeni Orduspor / Mais/Menos de 1,5 Gols","Menos de 1,5 gols",A favor,371872709629,18-dez-24 15:53,,C,3.1,2.38,,3.2,(2.38)
"Futebol / Gaziantep FK x Yeni Orduspor / Mais/Menos de 1,5 Gols","Menos de 1,5 gols",Contra,371872742550,18-dez-24 15:53,,C,3.3,0.10,0.23,3.3,0.10
"Futebol / AC Milan B x ASD Calcio Caldiero Terme / Mais/Menos de 3,5 Gols","Menos de 3,5 gols",Contra,371866800377,18-dez-24 14:53,,C,1.86,5.81,5.00,1.86,(5.00)
"Futebol / AC Milan B x ASD Calcio Caldiero Terme / Mais/Menos de 3,5 Gols","Menos de 3,5 gols",Contra,371869698369,18-dez-24 15:21,,C,1.36,13.89,5.00,1.36,(5.00)
"Futebol / AC Milan B x ASD Calcio Caldiero Terme / Mais/Menos de 3,5 Gols","Menos de 3,5 gols",A favor,371870715054,18-dez-24 15:31,,C,1.2,23.87,,1.2,4.77
"Futebol / AC Milan B x ASD Calcio Caldiero Terme / Mais/Menos de 3,5 Gols","Menos de 3,5 gols",A favor,371870761701,18-dez-24 15:31,,C,1.18,0.89,,1.18,0.16
Futebol / Rio Ave FC U23 x Gil Vicente U23 / Ambos os times marcam?,Sim,A favor,371845892018,18-dez-24 10:22,,C,1.62,1.00,,1.62,(1.00)
Futebol / Sanatatea Cluj x ASA Unirea Ungheni / Ambos os times marcam?,Sim,A favor,371846328291,18-dez-24 10:27,,C,1.61,1.00,,1.61,0.61
"Futebol / Rio Ave FC U23 x Gil Vicente U23 / Mais/Menos de 2,5 Gols","Menos de 2,5 gols",Contra,371857213751,18-dez-24 12:46,,C,1.57,8.77,5.00,1.57,8.77
"Futebol / Rio Ave FC U23 x Gil Vicente U23 / Mais/Menos de 2,5 Gols","Menos de 2,5 gols",Contra,371857710014,18-dez-24 12:54,,C,1.36,8.33,3.00,1.36,8.33
"Futebol / Rio Ave FC U23 x Gil Vicente U23 / Mais/Menos de 2,5 Gols","Menos de 2,5 gols",Contra,371857723208,18-dez-24 12:54,,C,1.36,5.56,1.95,1.35,5.56
"Futebol / Rio Ave FC U23 x Gil Vicente U23 / Mais/Menos de 2,5 Gols","Menos de 2,5 gols",A favor,371858118397,18-dez-24 13:01,,C,2,9.96,,2,(9.96)
Futebol / UTA Arad x Farul Constanta / Ambos os times marcam?,Sim,A favor,371846275807,18-dez-24 10:26,,C,1.79,1.00,,1.79,0.79
Futebol / Menemen Belediyespor x Ankaragucu / Ambos os times marcam?,Sim,A favor,371846402089,18-dez-24 10:28,,C,1.78,1.00,,1.78,0.78
"Futebol / Piacenza x USD Lavagnese 1919 / Mais/Menos de 2,5 Gols","Menos de 2,5 gols",Contra,371853617762,18-dez-24 12:03,,C,1.75,6.67,5.00,1.75,6.67
"Futebol / Piacenza x USD Lavagnese 1919 / Mais/Menos de 2,5 Gols","Menos de 2,5 gols",A favor,371855584894,18-dez-24 12:25,,C,2.06,4.72,,2.06,(4.72)
Futebol / OGC Nice U19 x AC Ajaccio Sub19 / Ambos os times marcam?,Sim,A favor,371842955977,18-dez-24 09:43,,C,1.53,1.00,,1.53,(1.00)
Futebol / Academico de Viseu U23 x Vizela U23 / Ambos os times marcam?,Sim,A favor,371846023615,18-dez-24 10:23,,C,1.69,1.00,,1.69,0.69
Futebol / Kedah x Pulau Pinang / Ambos os times marcam?,Sim,A favor,371842786414,18-dez-24 09:40,,C,1.8,1.00,,1.8,(1.00)
"Futebol / Livorno x FC Guidonia Montecelio 1937 / Mais/Menos de 1,5 Gols","Menos de 1,5 gols",Contra,371849714145,18-dez-24 11:11,,C,1.8,6.25,4.94,1.79,6.25
"Futebol / Livorno x FC Guidonia Montecelio 1937 / Mais/Menos de 1,5 Gols","Menos de 1,5 gols",A favor,371849892417,18-dez-24 11:13,,C,4.4,1.45,,4.4,(1.45)
Futebol / Guabira x Royal Pari / Ambos os times marcam?,Sim,A favor,371765517683,17-dez-24 10:29,,C,1.62,1.00,,1.62,(1.00)
Futebol / CA River Plate BA (Res) x Velez Sarsfield (Res) / Ambos os times marcam?,Sim,A favor,371765484521,17-dez-24 10:29,,C,1.12,1.00,,1.12,0.12
Futebol / Aurora x Nacional Potosí / Ambos os times marcam?,Sim,A favor,371765443093,17-dez-24 10:28,,C,1.58,1.00,,1.58,0.58
Futebol / Lyon (F) x Wolfsburg (F) / Ambos os times marcam?,Sim,A favor,371765374604,17-dez-24 10:27,,C,1.69,1.00,,1.69,(1.00)
"Futebol / Lyon (F) x Wolfsburg (F) / Mais/Menos de 1,5 Gols","Menos de 1,5 gols",Contra,371797887606,17-dez-24 17:49,,C,2.52,3.29,5.00,2.52,(5.00)
"Futebol / Lyon (F) x Wolfsburg (F) / Mais/Menos de 1,5 Gols","Menos de 1,5 gols",Contra,371799940798,17-dez-24 18:20,,C,1.52,9.62,5.00,1.52,(5.00)
"Futebol / Lyon (F) x Wolfsburg (F) / Mais/Menos de 1,5 Gols","Menos de 1,5 gols",A favor,371801064767,17-dez-24 18:44,,C,1.27,18.04,,1.27,4.87
Futebol / Tonbridge Angels x Chesham Utd / Ambos os times marcam?,Sim,A favor,371765191857,17-dez-24 10:24,,C,1.77,1.00,,1.77,(1.00)
Futebol / Rochdale x Tamworth FC / Ambos os times marcam?,Sim,A favor,371764842906,17-dez-24 10:18,,C,1.87,1.00,,1.87,(1.00)
Futebol / Chatham Town x Burgess Hill Town / Ambos os times marcam?,Sim,A favor,371765136010,17-dez-24 10:23,,C,1.69,1.00,,1.69,(1.00)
Futebol / Harrow Borough FC x Binfield Fc / Ambos os times marcam?,Sim,A favor,371765055875,17-dez-24 10:22,,C,1.56,1.00,,1.56,(1.00)
Futebol / Hereford x Scarborough Athletic / Ambos os times marcam?,Sim,A favor,371765024197,17-dez-24 10:21,,C,1.69,1.00,,1.69,(1.00)
Futebol / MVV x Feyenoord / Ambos os times marcam?,Sim,A favor,371765295329,17-dez-24 10:26,,C,1.84,1.00,,1.84,0.84
Futebol / Dungannon x Linfield / Ambos os times marcam?,Sim,A favor,371764898229,17-dez-24 10:19,,C,1.86,1.00,,1.86,(1.00)
Futebol / CD Gualberto Villarroel x Blooming Santa Cruz / Ambos os times marcam?,Sim,A favor,371764195505,17-dez-24 10:11,,C,1.74,1.00,,1.74,(1.00)
Futebol / Peterborough x Northampton / Ambos os times marcam?,Sim,A favor,371764276245,17-dez-24 10:12,,C,1.68,1.00,,1.68,(1.00)
Futebol / Elgin City FC x Clyde / Ambos os times marcam?,Sim,A favor,371764933615,17-dez-24 10:20,,C,1.67,1.00,,1.67,0.67
"Futebol / Charlton Sub21 x Birmingham Sub21 / Mais/Menos de 3,5 Gols","Menos de 3,5 gols",Contra,371793485651,17-dez-24 17:06,,C,2.62,3.09,4.94,2.6,3.09
"Futebol / Charlton Sub21 x Birmingham Sub21 / Mais/Menos de 3,5 Gols","Menos de 3,5 gols",A favor,371794824857,17-dez-24 17:18,,C,5.5,1.10,,5.5,(1.10)
Futebol / Burnley Sub21 x Hull City U21 / Ambos os times marcam?,Sim,A favor,371764554563,17-dez-24 10:15,,C,1.45,1.00,,1.45,(1.00)
Futebol / Blackpool x Aston Villa Sub21 / Ambos os times marcam?,Sim,A favor,371764474975,17-dez-24 10:14,,C,1.7,1.00,,1.7,0.70
Futebol / Kelty Hearts x Arbroath / Ambos os times marcam?,Sim,A favor,371765230014,17-dez-24 10:25,,C,1.64,1.00,,1.64,0.64
Futebol / Charlton Sub21 x Birmingham Sub21 / Ambos os times marcam?,Sim,A favor,371764090906,17-dez-24 10:09,,C,1.4,1.00,,1.4,0.40
Futebol / FC Eindhoven x Excelsior / Ambos os times marcam?,Sim,A favor,371764722878,17-dez-24 10:17,,C,1.72,1.00,,1.72,0.72
Futebol / Stockport County U21 x Leeds United U21 / Ambos os times marcam?,Sim,A favor,371764127546,17-dez-24 10:10,,C,1.46,1.00,,1.46,0.46
Futebol / Quick Boys x Fortuna Sittard / Ambos os times marcam?,Sim,A favor,371764800584,17-dez-24 10:18,,C,1.7,1.00,,1.7,0.70
Futebol / Twente (F) x Celtic (F) / Ambos os times marcam?,Sim,A favor,371763817627,17-dez-24 10:05,,C,1.69,1.00,,1.69,(1.00)
Futebol / RKC Waalwijk x Cambuur Leeuwarden / Ambos os times marcam?,Sim,A favor,371764659380,17-dez-24 10:16,,C,1.56,1.00,,1.56,0.56
Futebol / CSM Unirea Alba Iulia x CSM Ramnicu-Valcea / Ambos os times marcam?,Sim,A favor,371764037371,17-dez-24 10:08,,C,1.12,1.00,,1.12,0.12
"Futebol / Alanyaspor x Amed Sportif Faaliyetler / Mais/Menos de 3,5 Gols","Menos de 3,5 gols",Contra,371785265332,17-dez-24 15:38,,C,2.1,4.55,5.00,2.1,4.55
"Futebol / Alanyaspor x Amed Sportif Faaliyetler / Mais/Menos de 3,5 Gols","Menos de 3,5 gols",A favor,371785993988,17-dez-24 15:48,,C,3.95,1.70,,3.95,(1.70)
Futebol / Real Madrid Feminino x Chelsea (F) / Ambos os times marcam?,Sim,A favor,371763870137,17-dez-24 10:06,,C,1.58,1.00,,1.58,0.58
Futebol / Genk Sub19 x Puskas Akademia FC U19 / Ambos os times marcam?,Sim,A favor,371762967924,17-dez-24 09:53,,C,1.96,1.00,,1.96,0.96
Futebol / Alanyaspor x Amed Sportif Faaliyetler / Ambos os times marcam?,Sim,A favor,371763725967,17-dez-24 10:04,,C,1.8,1.00,,1.8,0.80
Futebol / Azam FC x Fountain Gate / Ambos os times marcam?,Sim,A favor,371762924925,17-dez-24 09:53,,C,1.12,1.00,,1.12,(1.00)
Futebol / GD Estoril Praia U23 x Farense U23 / Ambos os times marcam?,Sim,A favor,371762698047,17-dez-24 09:49,,C,1.73,1.00,,1.73,(1.00)
Futebol / Benfica U23 x Estrela U23 / Ambos os times marcam?,Sim,A favor,371762775363,17-dez-24 09:50,,C,1.8,1.00,,1.8,(1.00)
Futebol / Santa Clara U23 x Mafra U23 / Ambos os times marcam?,Sim,A favor,371762572521,17-dez-24 09:47,,C,1.71,1.00,,1.71,0.71
Futebol / Barnsley Sub21 x Sheff Wed Sub21 / Ambos os times marcam?,Sim,A favor,371762639414,17-dez-24 09:48,,C,1.5,1.00,,1.5,0.50
"Futebol / Konyaspor x Karacabey Belediyespor AS / Mais/Menos de 1,5 Gols","Menos de 1,5 gols",Contra,371766543165,17-dez-24 10:44,,C,1.92,5.43,4.94,1.91,(4.94)
Futebol / Ipswich Town U21 x Colchester United U21 / Ambos os times marcam?,Sim,A favor,371762465730,17-dez-24 09:45,,C,1.45,1.00,,1.46,0.45
"Futebol / Bournemouth x West Ham / Mais/Menos de 2,5 Gols","Menos de 2,5 gols",Contra,371728596718,16-dez-24 18:03,,C,1.37,13.51,5.00,1.37,(5.00)
"Futebol / Fleetwood Town x Accrington / Mais/Menos de 3,5 Gols","Menos de 3,5 gols",Contra,371728579916,16-dez-24 18:03,,C,1.26,19.23,5.00,1.26,(5.00)
"Futebol / Fleetwood Town x Accrington / Mais/Menos de 3,5 Gols","Menos de 3,5 gols",A favor,371729038680,16-dez-24 18:10,,C,1.57,8.77,,1.57,5.00
Futebol / Bournemouth x West Ham / Ambos os times marcam?,Sim,A favor,371708568401,16-dez-24 12:44,,C,1.59,1.00,,1.59,0.59
Futebol / Fleetwood Town x Accrington / Ambos os times marcam?,Sim,A favor,371708619385,16-dez-24 12:45,,C,1.79,1.00,,1.79,0.79
Futebol / Leicester Sub21 x Everton Sub21 / Ambos os times marcam?,Sim,A favor,371708237297,16-dez-24 12:39,,C,1.42,1.00,,1.42,0.42
Futebol / Newcastle Sub21 x Chelsea Sub21 / Ambos os times marcam?,Sim,A favor,371708392662,16-dez-24 12:42,,C,1.42,1.00,,1.42,0.42
Futebol / Carshalton Athletic FC x Leatherhead FC / Ambos os times marcam?,Sim,A favor,371708491411,16-dez-24 12:43,,C,1.7,1.00,,1.7,0.70
Futebol / Arsenal Sub21 x Sunderland Sub21 / Ambos os times marcam?,Sim,A favor,371708419350,16-dez-24 12:42,,C,1.33,1.00,,1.33,0.33
Futebol / Braga x Famalicão / Ambos os times marcam?,Sim,A favor,371708187724,16-dez-24 12:39,,C,1.98,1.00,,2,1.00
Futebol / AaB x Silkeborg / Ambos os times marcam?,Sim,A favor,371708108599,16-dez-24 12:38,,C,1.6,1.00,,1.6,0.60
"Futebol / Galatasaray x Trabzonspor / Mais/Menos de 7,5 Gols","Menos de 7,5 gols",Contra,371721916519,16-dez-24 16:33,,C,1.45,11.11,5.00,1.45,(5.00)
"Futebol / Partizan Belgrade x FK IMT Novi Beograd / Mais/Menos de 2,5 Gols","Menos de 2,5 gols",Contra,371721059666,16-dez-24 16:21,,C,1.45,11.11,5.00,1.45,(5.00)
"Futebol / Partizan Belgrade x FK IMT Novi Beograd / Mais/Menos de 2,5 Gols","Menos de 2,5 gols",A favor,371721528733,16-dez-24 16:28,,C,2.38,3.62,,2.4,5.07
Futebol / Nottingham Forest U21 x Man City Sub21 / Ambos os times marcam?,Sim,A favor,371708308533,16-dez-24 12:40,,C,1.48,1.00,,1.48,0.48
Futebol / West Brom Sub21 x Reading Sub21 / Ambos os times marcam?,Sim,A favor,371708278175,16-dez-24 12:40,,C,1.38,1.00,,1.38,0.38
Futebol / Partizan Belgrade x FK IMT Novi Beograd / Ambos os times marcam?,Sim,A favor,371708044219,16-dez-24 12:36,,C,1.94,1.00,,1.94,0.94
"Futebol / Galatasaray x Trabzonspor / Mais/Menos de 5,5 Gols","Menos de 5,5 gols",A favor,371720837603,16-dez-24 16:18,,C,5.2,1.00,,5.2,(1.00)
"Futebol / Galatasaray x Trabzonspor / Mais/Menos de 5,5 Gols","Menos de 5,5 gols",Contra,371720865642,16-dez-24 16:19,,C,6,0.87,4.35,6,0.87
Futebol / Galatasaray x Trabzonspor / Ambos os times marcam?,Sim,A favor,371708075444,16-dez-24 12:37,,C,1.56,1.00,,1.56,0.56
"Futebol / Adana Demirspor x Besiktas / Mais/Menos de 4,5 Gols","Menos de 4,5 gols",Contra,371714145930,16-dez-24 14:32,,C,1.33,15.15,5.00,1.33,(5.00)
"Futebol / Adana Demirspor x Besiktas / Mais/Menos de 4,5 Gols","Menos de 4,5 gols",A favor,371714519908,16-dez-24 14:38,,C,1.16,17.37,,1.16,2.78
Futebol / FK Radnicki 1923 x FK Spartak / Ambos os times marcam?,Sim,A favor,371707977064,16-dez-24 12:35,,C,1.89,1.00,,1.89,(1.00)
Futebol / Adana Demirspor x Besiktas / Ambos os times marcam?,Sim,A favor,371708010617,16-dez-24 12:36,,C,1.66,1.00,,1.66,0.66
